{
  "ABIRoot": {
    "kind": "Root",
    "name": "TopLevel",
    "printedName": "TopLevel",
    "children": [
      {
        "kind": "TypeDecl",
        "name": "binarySampleSDK",
        "printedName": "binarySampleSDK",
        "children": [
          {
            "kind": "Var",
            "name": "text",
            "printedName": "text",
            "children": [
              {
                "kind": "TypeNominal",
                "name": "String",
                "printedName": "Swift.String",
                "usr": "s:SS"
              }
            ],
            "declKind": "Var",
            "usr": "s:15binarySampleSDKAAV4textSSvp",
            "mangledName": "$s15binarySampleSDKAAV4textSSvp",
            "moduleName": "binarySampleSDK",
            "declAttributes": [
              "HasInitialValue",
              "HasStorage",
              "SetterAccess",
              "AccessControl"
            ],
            "hasStorage": true,
            "accessors": [
              {
                "kind": "Accessor",
                "name": "Get",
                "printedName": "Get()",
                "children": [
                  {
                    "kind": "TypeNominal",
                    "name": "String",
                    "printedName": "Swift.String",
                    "usr": "s:SS"
                  }
                ],
                "declKind": "Accessor",
                "usr": "s:15binarySampleSDKAAV4textSSvg",
                "mangledName": "$s15binarySampleSDKAAV4textSSvg",
                "moduleName": "binarySampleSDK",
                "implicit": true,
                "accessorKind": "get"
              }
            ]
          },
          {
            "kind": "Constructor",
            "name": "init",
            "printedName": "init()",
            "children": [
              {
                "kind": "TypeNominal",
                "name": "binarySampleSDK",
                "printedName": "binarySampleSDK.binarySampleSDK",
                "usr": "s:15binarySampleSDKAAV"
              }
            ],
            "declKind": "Constructor",
            "usr": "s:15binarySampleSDKAAVABycfc",
            "mangledName": "$s15binarySampleSDKAAVABycfc",
            "moduleName": "binarySampleSDK",
            "declAttributes": [
              "AccessControl"
            ],
            "init_kind": "Designated"
          }
        ],
        "declKind": "Struct",
        "usr": "s:15binarySampleSDKAAV",
        "mangledName": "$s15binarySampleSDKAAV",
        "moduleName": "binarySampleSDK",
        "declAttributes": [
          "AccessControl"
        ]
      }
    ],
    "json_format_version": 8
  },
  "ConstValues": [
    {
      "filePath": "\/Users\/k0j07eh\/Documents\/LocalBurnersAndSamples\/binarySampleSDK\/Sources\/binarySampleSDK\/binarySampleSDK.swift",
      "kind": "StringLiteral",
      "offset": 67,
      "length": 15,
      "value": "\"Hello, World!\""
    }
  ]
}